,OLS,FF,LASSO,BSS,equaWeight
CAGR,0.10908,0.10856,0.10387,0.11049,0.10601
Percentage Change,0.6926,0.68861,0.65261,0.70361,0.66891
monthly return,0.0091706,0.0091411,0.0087683,0.0092925,0.0090268
std,0.02698,0.027324,0.026938,0.0275,0.030228
sharp,0.30798,0.30302,0.29352,0.30658,0.27013
max_darwdown,0.067443,0.070388,0.064116,0.064157,0.11395
skewness,0.0030393,-0.13479,-0.087749,0.16663,-0.098171
VaR_90,-0.025405,-0.025876,-0.025755,-0.025951,-0.029711
VaR_95,-0.035207,-0.035803,-0.035541,-0.035942,-0.040693