,OLS,FF,LASSO,BSS,equaWeight
CAGR,0.081269,0.07949,0.084138,0.076711,0.10601
Percentage Change,0.48764,0.47524,0.50781,0.45603,0.66891
monthly return,0.0069739,0.006839,0.0071976,0.0066319,0.0090268
std,0.02584,0.026035,0.025745,0.026549,0.030228
sharp,0.23655,0.22961,0.24612,0.21736,0.27013
max_darwdown,0.06854,0.07499,0.065577,0.070625,0.11395
skewness,-0.067496,-0.1512,-0.1128,-0.0013612,-0.098171
VaR_90,-0.026142,-0.026526,-0.025795,-0.027391,-0.029711
VaR_95,-0.035529,-0.035984,-0.035149,-0.037037,-0.040693